design_id,status,source_file,projection,width_mm,height_mm,thickness_mm,area_mm2,svg_file,error
2431,exact,parts/2431.dat,XZ,32.2,8.2,3.2,256.0,svg/2431.svg,
2445,exact,parts/2445.dat,XZ,96.2,16.2,4.8,1536.0,svg/2445.svg,
2515,prefix,parts/2515a.dat,XY,56.198,56.198,32.0,2461.128,svg/2515.svg,
2730,exact,parts/2730.dat,XY,80.2,11.4,8.0,844.8,svg/2730.svg,
2743,exact,parts/2743.dat,XY,32.2,16.2,8.0,353.28,svg/2743.svg,
2780,exact,parts/2780.dat,XZ,16.2,6.6,6.241,78.726,svg/2780.svg,
2817,exact,parts/2817.dat,XZ,16.2,16.2,9.6,256.0,svg/2817.svg,
3001,exact,parts/3001.dat,XZ,32.2,16.2,11.2,512.0,svg/3001.svg,
3003,exact,parts/3003.dat,XZ,16.2,16.2,11.2,256.0,svg/3003.svg,
3004,exact,parts/3004.dat,XY,16.2,11.4,8.0,168.96,svg/3004.svg,
3005,exact,parts/3005.dat,XY,8.2,11.4,8.0,84.48,svg/3005.svg,
3009,exact,parts/3009.dat,XY,48.2,11.4,8.0,506.88,svg/3009.svg,
3010,exact,parts/3010.dat,XY,32.2,11.4,8.0,337.92,svg/3010.svg,
3020,exact,parts/3020.dat,XZ,32.2,16.2,4.8,512.0,svg/3020.svg,
3021,exact,parts/3021.dat,XZ,24.2,16.2,4.8,384.0,svg/3021.svg,
3022,exact,parts/3022.dat,XZ,16.2,16.2,4.8,256.0,svg/3022.svg,
3023,exact,parts/3023.dat,XZ,16.2,8.2,4.8,128.0,svg/3023.svg,
3024,exact,parts/3024.dat,XZ,8.2,8.2,4.8,64.0,svg/3024.svg,
3031,exact,parts/3031.dat,XZ,32.2,32.2,4.8,1024.0,svg/3031.svg,
3033,exact,parts/3033.dat,XZ,80.2,48.2,4.8,3840.0,svg/3033.svg,
3034,exact,parts/3034.dat,XZ,64.2,16.2,4.8,1024.0,svg/3034.svg,
3068,exact,parts/3068.dat,XZ,16.2,16.2,3.2,256.0,svg/3068.svg,
3069,exact,parts/3069.dat,XZ,16.2,8.2,3.2,128.0,svg/3069.svg,
3176,exact,parts/3176.dat,XZ,16.2,24.2,4.8,356.243,svg/3176.svg,
3460,exact,parts/3460.dat,XZ,64.2,8.2,4.8,512.0,svg/3460.svg,
3622,exact,parts/3622.dat,XY,24.2,11.4,8.0,253.44,svg/3622.svg,
3660,exact,parts/3660.dat,XZ,16.2,16.2,11.2,256.0,svg/3660.svg,
3665,exact,parts/3665.dat,YZ,11.4,16.2,8.0,136.96,svg/3665.svg,
3666,exact,parts/3666.dat,XZ,48.2,8.2,4.8,384.0,svg/3666.svg,
3673,exact,parts/3673.dat,XZ,16.2,6.6,6.4,78.726,svg/3673.svg,
3700,exact,parts/3700.dat,XY,16.2,11.4,8.0,168.96,svg/3700.svg,
3702,exact,parts/3702.dat,XY,64.2,11.4,8.0,675.84,svg/3702.svg,
3703,exact,parts/3703.dat,XY,128.2,11.4,8.0,1351.68,svg/3703.svg,
3705,exact,parts/3705.dat,XZ,32.2,5.0,4.8,153.6,svg/3705.svg,
3708,exact,parts/3708.dat,XZ,96.2,5.0,4.8,460.8,svg/3708.svg,
3709,exact,parts/3709.dat,XZ,32.2,16.2,4.8,512.0,svg/3709.svg,
3710,exact,parts/3710.dat,XZ,32.2,8.2,4.8,256.0,svg/3710.svg,
3737,exact,parts/3737.dat,XZ,80.2,5.0,4.8,384.0,svg/3737.svg,
3738,exact,parts/3738.dat,XZ,64.2,16.2,4.8,1024.0,svg/3738.svg,
3743,exact,parts/3743.dat,XZ,32.2,8.2,5.6,256.0,svg/3743.svg,
3768,design_alias,parts/15456.dat,XZ,16.2,27.402,6.4,303.191,svg/3768.svg,
3795,exact,parts/3795.dat,XZ,48.2,16.2,4.8,768.0,svg/3795.svg,
3960,exact,parts/3960.dat,XZ,32.2,32.2,8.0,801.948,svg/3960.svg,
4032,exact,parts/4032.dat,XZ,16.204,16.204,4.8,195.935,svg/4032.svg,
4070,exact,parts/4070.dat,XY,8.2,11.4,8.0,84.48,svg/4070.svg,
4162,exact,parts/4162.dat,XZ,64.2,8.2,3.2,512.0,svg/4162.svg,
4274,exact,parts/4274.dat,XZ,9.8,6.6,6.4,47.043,svg/4274.svg,
4296,design_alias,parts/3743.dat,XZ,32.2,8.2,5.6,256.0,svg/4296.svg,
4477,exact,parts/4477.dat,XZ,80.2,8.2,4.8,640.0,svg/4477.svg,
4519,exact,parts/4519.dat,XZ,24.2,5.0,4.8,115.2,svg/4519.svg,
4740,exact,parts/4740.dat,XZ,16.204,16.204,4.8,195.938,svg/4740.svg,
6143,exact,parts/6143.dat,XZ,16.204,16.204,11.2,195.94,svg/6143.svg,
6190,exact,parts/6190.dat,XY,22.6,6.649,6.4,98.075,svg/6190.svg,
6233,exact,parts/6233.dat,XZ,24.204,24.204,20.8,440.86,svg/6233.svg,
6541,exact,parts/6541.dat,XY,8.2,11.4,8.0,84.48,svg/6541.svg,
6553,exact,parts/6553.dat,XY,8.2,23.8,7.2,146.24,svg/6553.svg,
6558,exact,parts/6558.dat,XZ,24.2,6.6,6.241,117.285,svg/6558.svg,
6562,exact,parts/6562.dat,XZ,16.2,6.6,6.4,77.763,svg/6562.svg,
6589,exact,parts/6589.dat,XY,13.0,13.0,4.0,128.312,svg/6589.svg,
10187,exact,parts/10187.dat,XZ,7.801,13.953,7.095,56.869,svg/10187.svg,
10928,exact,parts/10928.dat,YZ,10.144,8.2,9.944,68.158,svg/10928.svg,
11100,exact,parts/11100.dat,YZ,27.569,24.978,3.2,287.579,svg/11100.svg,
11203,exact,parts/11203.dat,XZ,16.2,16.2,4.8,256.0,svg/11203.svg,
11214,exact,parts/11214.dat,XY,24.2,6.6,6.4,116.075,svg/11214.svg,
11477,exact,parts/11477.dat,XZ,8.2,16.2,6.4,128.0,svg/11477.svg,
14417,exact,parts/14417.dat,XZ,16.2,15.402,6.4,162.485,svg/14417.svg,
14418,exact,parts/14418.dat,XZ,22.2,8.2,6.3,162.045,svg/14418.svg,
14918,exact,parts/14918.dat,XY,16.2,21.0,16.0,238.541,svg/14918.svg,
15068,exact,parts/15068.dat,XZ,16.2,16.2,6.4,256.0,svg/15068.svg,
15462,exact,parts/15462.dat,XZ,40.2,6.6,6.4,193.28,svg/15462.svg,
15535,exact,parts/15535.dat,XZ,16.204,16.204,3.2,195.94,svg/15535.svg,
15672,exact,parts/15672.dat,XZ,8.2,16.2,9.6,128.0,svg/15672.svg,
17485,exact,parts/17485.dat,XZ,16.204,16.204,11.2,195.952,svg/17485.svg,
18651,exact,parts/18651.dat,XZ,24.2,6.6,6.4,116.163,svg/18651.svg,
18654,exact,parts/18654.dat,YZ,8.2,7.4,7.2,57.6,svg/18654.svg,
18674,exact,parts/18674.dat,XZ,16.204,16.204,4.8,195.94,svg/18674.svg,
21712,design_alias,parts/44728.dat,XY,16.2,17.8,11.2,270.159,svg/21712.svg,
22885,exact,parts/22885.dat,XY,16.2,17.8,9.6,271.36,svg/22885.svg,
22889,exact,parts/22889.dat,XZ,16.2,48.2,11.2,768.0,svg/22889.svg,
22890,exact,parts/22890.dat,XZ,23.402,8.2,6.4,162.485,svg/22890.svg,
24316,exact,parts/24316.dat,XZ,24.2,6.6,6.4,116.48,svg/24316.svg,
24375,exact,parts/24375.dat,XZ,7.404,7.404,5.6,39.677,svg/24375.svg,
24505,exact,parts/24505.dat,XY,26.112,26.112,7.7,435.311,svg/24505.svg,
25214,exact,parts/25214.dat,XZ,16.2,16.2,8.0,161.974,svg/25214.svg,
26169,design_alias,parts/4865b.dat,XY,16.2,9.8,8.0,153.3,svg/26169.svg,
26910,exact,parts/26910.dat,XZ,48.2,128.2,40.0,5888.0,svg/26910.svg,
26912,exact,parts/26912.dat,XZ,16.2,32.2,20.8,512.0,svg/26912.svg,
26913,exact,parts/26913.dat,YZ,30.6,48.2,32.0,1427.712,svg/26913.svg,
27940,exact,parts/27940.dat,XY,24.2,8.2,7.2,140.16,svg/27940.svg,
28558,design_alias,parts/2654.dat,XZ,16.205,16.205,4.8,195.943,svg/28558.svg,
28802,exact,parts/28802.dat,XY,32.2,9.8,11.2,271.06,svg/28802.svg,
28809,exact,parts/28809.dat,XZ,16.2,8.2,9.2,128.0,svg/28809.svg,
29219,exact,parts/29219.dat,XZ,16.2,7.4,7.201,115.2,svg/29219.svg,
30565,exact,parts/30565.dat,XZ,32.21,32.21,4.8,799.101,svg/30565.svg,
31493,exact,parts/31493.dat,XY,16.2,11.4,8.0,168.96,svg/31493.svg,
31510,design_alias,parts/96874.dat,XZ,16.2,68.2,33.318,1060.382,svg/31510.svg,
32000,exact,parts/32000.dat,XY,16.2,11.4,8.0,168.96,svg/32000.svg,
32001,exact,parts/32001.dat,XZ,48.2,16.2,4.8,768.0,svg/32001.svg,
32005,exact,parts/32005.dat,XZ,8.204,48.204,4.8,254.569,svg/32005.svg,
32054,exact,parts/32054.dat,XZ,24.2,7.4,7.2,127.203,svg/32054.svg,
32062,exact,parts/32062.dat,XZ,16.2,5.0,4.8,72.96,svg/32062.svg,
32198,exact,parts/32198.dat,XY,21.0,21.0,4.0,340.551,svg/32198.svg,
32270,exact,parts/32270.dat,YZ,13.8,8.2,13.6,102.4,svg/32270.svg,
32316,exact,parts/32316.dat,YZ,8.2,39.4,7.2,313.6,svg/32316.svg,
32498,exact,parts/32498.dat,XY,37.77,37.801,8.0,961.67,svg/32498.svg,
32523,exact,parts/32523.dat,YZ,8.2,23.4,7.2,185.6,svg/32523.svg,
32524,exact,parts/32524.dat,YZ,8.2,55.4,7.2,441.6,svg/32524.svg,
32526,exact,parts/32526.dat,XZ,23.402,39.402,8.0,382.237,svg/32526.svg,
32530,exact,parts/32530.dat,XY,16.2,15.802,8.0,134.399,svg/32530.svg,
32531,exact,parts/32531.dat,XZ,32.2,48.2,11.2,1536.0,svg/32531.svg,
32557,exact,parts/32557.dat,XY,15.404,23.402,8.0,217.083,svg/32557.svg,
32807,exact,parts/32807.dat,XZ,8.2,16.2,12.8,128.0,svg/32807.svg,
34297,missing,,,,,,,,No LDraw or element/relationship alias part file
34298,missing,,,,,,,,No LDraw or element/relationship alias part file
34300,missing,,,,,,,,No LDraw or element/relationship alias part file
34820,design_alias,parts/24130.dat,XZ,32.203,32.203,17.6,793.232,svg/34820.svg,
35320,design_alias,parts/86500.dat,XZ,32.2,32.2,16.0,801.948,svg/35320.svg,
35381,design_alias,parts/98138.dat,XZ,8.204,8.204,3.2,48.984,svg/35381.svg,
35743,design_alias,parts/3065.dat,XY,16.2,11.4,8.0,168.96,svg/35743.svg,
39892,design_alias,parts/99010.dat,XZ,29.642,29.642,15.6,576.128,svg/39892.svg,
40146,design_alias,parts/6536.dat,YZ,15.402,8.2,8.0,109.119,svg/40146.svg,
40147,design_alias,parts/60483.dat,YZ,8.2,15.4,7.2,121.6,svg/40147.svg,
41747,exact,parts/41747.dat,XZ,16.2,48.2,11.2,640.0,svg/41747.svg,
41748,exact,parts/41748.dat,XZ,16.2,48.2,11.2,640.0,svg/41748.svg,
41749,exact,parts/41749.dat,XZ,24.2,64.2,20.8,1408.0,svg/41749.svg,
41750,exact,parts/41750.dat,XZ,24.2,64.2,20.8,1408.0,svg/41750.svg,
41822,design_alias,parts/43719.dat,XZ,32.2,32.2,4.8,518.4,svg/41822.svg,
42022,exact,parts/42022.dat,XZ,8.2,48.2,11.2,384.0,svg/42022.svg,
42134,design_alias,parts/32034.dat,XZ,8.2,24.2,7.2,173.496,svg/42134.svg,
42135,relationship_alias,parts/32039.dat,XZ,8.2,15.8,7.2,105.921,svg/42135.svg,
42136,design_alias,parts/32123b.dat,XY,7.404,7.404,4.0,39.677,svg/42136.svg,
42142,design_alias,parts/32184.dat,XY,8.2,23.4,8.0,170.241,svg/42142.svg,
42165,design_alias,parts/32348.dat,XZ,26.565,45.767,8.0,384.244,svg/42165.svg,
42479,design_alias,parts/88323.dat,XZ,38.6,18.12,8.4,503.296,svg/42479.svg,
42610,exact,parts/42610.dat,XY,11.404,11.404,8.0,96.01,svg/42610.svg,
42796,design_alias,parts/42003.dat,YZ,23.402,8.2,8.0,172.479,svg/42796.svg,
42798,design_alias,parts/3713.dat,YZ,7.4,8.2,7.2,49.281,svg/42798.svg,
42923,design_alias,parts/63868.dat,XZ,21.812,8.2,5.958,145.958,svg/42923.svg,
42929,design_alias,parts/6232.dat,XZ,24.2,16.2,11.2,293.374,svg/42929.svg,
43093,exact,parts/43093.dat,XZ,16.2,6.6,6.4,77.763,svg/43093.svg,
43857,exact,parts/43857.dat,YZ,8.2,15.4,7.2,121.6,svg/43857.svg,
43898,exact,parts/43898.dat,XZ,24.2,24.2,8.0,451.096,svg/43898.svg,
44126,exact,parts/44126.dat,XZ,16.2,48.2,11.2,768.0,svg/44126.svg,
44224,exact,parts/44224.dat,XZ,24.2,47.802,8.0,618.599,svg/44224.svg,
44294,exact,parts/44294.dat,XZ,56.2,5.0,4.8,268.8,svg/44294.svg,
44375,exact,parts/44375.dat,XZ,48.2,48.2,8.0,1804.383,svg/44375.svg,
44861,exact,parts/44861.dat,XZ,16.2,8.2,7.2,128.0,svg/44861.svg,
44865,exact,parts/44865.dat,XY,16.2,11.4,16.0,168.96,svg/44865.svg,
45590,exact,parts/45590.dat,XZ,15.4,8.2,7.2,121.601,svg/45590.svg,
47455,exact,parts/47455.dat,XZ,22.974,13.798,13.6,192.202,svg/47455.svg,
48336,exact,parts/48336.dat,XZ,16.2,14.6,4.8,221.44,svg/48336.svg,
48370,design_alias,parts/48169.dat,XZ,25.8,16.2,11.2,366.592,svg/48370.svg,
48442,design_alias,parts/48170.dat,XZ,30.85,16.2,13.6,416.373,svg/48442.svg,
49132,design_alias,parts/85943.dat,XZ,16.2,19.8,11.2,220.8,svg/49132.svg,
49137,design_alias,parts/87408.dat,YZ,23.8,24.2,7.2,308.942,svg/49137.svg,
50029,design_alias,parts/32124.dat,XZ,40.204,8.2,4.8,304.984,svg/50029.svg,
50304,exact,parts/50304.dat,XZ,24.2,64.2,4.8,1152.0,svg/50304.svg,
50305,exact,parts/50305.dat,XZ,24.2,64.2,4.8,1152.0,svg/50305.svg,
50950,exact,parts/50950.dat,XZ,8.2,24.2,9.6,192.0,svg/50950.svg,
54200,exact,parts/54200.dat,XZ,8.2,8.2,6.24,64.0,svg/54200.svg,
55013,exact,parts/55013.dat,XZ,64.2,6.6,6.4,308.48,svg/55013.svg,
55982,exact,parts/55982.dat,XY,17.004,17.004,14.8,216.022,svg/55982.svg,
57028,relationship_alias,parts/32074c01.dat,YZ,31.4,43.4,16.0,888.489,svg/57028.svg,
57519,exact,parts/57519.dat,XY,40.998,40.661,14.56,1227.83,svg/57519.svg,
57796,relationship_alias,parts/32074c01.dat,YZ,31.4,43.4,16.0,888.489,svg/57796.svg,
59426,exact,parts/59426.dat,XZ,44.2,6.6,6.4,212.48,svg/59426.svg,
59443,exact,parts/59443.dat,YZ,7.18,16.2,6.8,111.672,svg/59443.svg,
60474,exact,parts/60474.dat,XZ,32.2,32.2,4.8,801.949,svg/60474.svg,
60484,exact,parts/60484.dat,XZ,23.404,23.402,8.0,263.996,svg/60484.svg,
60485,exact,parts/60485.dat,XZ,72.2,5.0,4.8,345.6,svg/60485.svg,
61408,relationship_alias,parts/33299a.dat,YZ,16.2,23.0,7.2,159.363,svg/61408.svg,
63864,exact,parts/63864.dat,XZ,24.2,8.2,3.2,192.0,svg/63864.svg,
64225,exact,parts/64225.dat,XZ,32.277,24.2,9.6,576.0,svg/64225.svg,
64289,exact,parts/64289.dat,YZ,8.2,71.4,7.2,569.6,svg/64289.svg,
65155,design_alias,parts/6249.dat,XZ,48.2,16.2,11.2,586.748,svg/65155.svg,
65458,design_alias,parts/11476.dat,XZ,16.2,13.812,5.958,145.958,svg/65458.svg,
65765,design_alias,parts/44225.dat,XZ,24.2,47.802,8.0,618.599,svg/65765.svg,
66906,exact,parts/66906.dat,XY,15.402,6.604,6.4,73.848,svg/66906.svg,
67324,design_alias,parts/15456.dat,XZ,16.2,27.402,6.4,303.191,svg/67324.svg,
75903,design_alias,parts/57520.dat,XY,25.8,25.379,8.0,473.885,svg/75903.svg,
85543,exact,parts/85543.dat,XY,16.87,16.87,1.667,212.616,svg/85543.svg,
85984,exact,parts/85984.dat,XZ,16.2,8.2,6.24,128.0,svg/85984.svg,
87079,exact,parts/87079.dat,XZ,32.2,16.2,3.2,512.0,svg/87079.svg,
87083,exact,parts/87083.dat,XZ,32.2,6.6,6.4,154.88,svg/87083.svg,
87580,exact,parts/87580.dat,XZ,16.2,16.2,4.8,256.0,svg/87580.svg,
92402,exact,parts/92402.dat,XY,30.601,30.601,13.6,722.853,svg/92402.svg,
92593,exact,parts/92593.dat,XZ,32.2,8.2,4.8,256.0,svg/92593.svg,
93273,exact,parts/93273.dat,XZ,8.2,32.2,6.4,256.0,svg/93273.svg,
93604,exact,parts/93604.dat,XZ,32.2,24.2,6.4,716.215,svg/93604.svg,
93606,exact,parts/93606.dat,XZ,16.2,32.2,9.6,512.0,svg/93606.svg,
99008,exact,parts/99008.dat,XZ,32.2,5.0,4.8,153.6,svg/99008.svg,
99009,exact,parts/99009.dat,XZ,23.4,21.8,13.2,382.488,svg/99009.svg,
99206,exact,parts/99206.dat,XZ,16.2,17.8,8.0,271.36,svg/99206.svg,
99207,exact,parts/99207.dat,XY,16.2,16.2,11.2,255.7,svg/99207.svg,
99780,exact,parts/99780.dat,XZ,16.2,11.4,8.0,168.96,svg/99780.svg,
99781,exact,parts/99781.dat,XZ,16.2,11.4,9.6,168.96,svg/99781.svg,
