SetNumber,ElementID,Qty,Colour,Category,DesignID,ElementName,ImageURL,ElementSetCount,GeometryStatus,Projection,WidthMM,HeightMM,ThicknessMM,StorageMode,RecommendedDepthMM,FloorWidthMM,FloorHeightMM,FloorAreaMM2
17101-1,300126,3,Black,Bricks,3001,BRICK 2X4,/cdn/product-assets/element.img.lod5photo.192x192/300126.jpg,865,exact,XZ,32.2,16.2,11.2,shadow_stack,35.6,36.2,20.2,731.24
17101-1,301026,2,Black,Bricks,3010,BRICK 1X4,/cdn/product-assets/element.img.lod5photo.192x192/301026.jpg,859,exact,XY,32.2,11.4,8.0,shadow_stack,18.0,36.2,16.0,579.2
17101-1,302026,2,Black,Plates,3020,PLATE 2X4,/cdn/product-assets/element.img.lod5photo.192x192/302026.jpg,1835,exact,XZ,32.2,16.2,4.8,shadow_stack,11.6,36.2,20.2,731.24
17101-1,303326,2,Black,Plates,3033,PLATE 6X10,/cdn/product-assets/element.img.lod5photo.192x192/303326.jpg,156,exact,XZ,80.2,48.2,4.8,shadow_stack,11.6,84.2,52.2,4395.24
17101-1,366526,4,Black,Bricks,3665,ROOF TILE 1X2 INV.,/cdn/cs/set/assets/blt481b96c97929952d/366526.jpg,412,exact,YZ,11.4,16.2,8.0,shadow_stack,34.0,16.0,20.2,323.2
17101-1,447726,1,Black,Plates,4477,PLATE 1X10,/cdn/cs/set/assets/bltde5fa31aa079c649/447726.jpg,533,exact,XZ,80.2,8.2,4.8,shadow_stack,6.8,84.2,16.0,1347.2
17101-1,3200126,1,Black,Plates,32001,1PLATE 2X6 W. HOLES,/cdn/product-assets/element.img.lod5photo.192x192/3200126.jpg,206,exact,XZ,48.2,16.2,4.8,shadow_stack,6.8,52.2,20.2,1054.44
17101-1,4144024,2,Black,Plates,32530,T-BEAM W. PLATE 1X2 W. TUBE,/cdn/product-assets/element.img.lod5photo.192x192/4144024.jpg,210,exact,XY,16.2,15.802,8.0,shadow_stack,18.0,20.2,19.8,400.0
17101-1,4160393,6,Black,Bricks,42022,BRICK 1X6 W/BOW,/cdn/product-assets/element.img.lod5photo.192x192/4160393.jpg,94,exact,XZ,8.2,48.2,11.2,edge_magazine,42.0,16.0,52.2,835.2
17101-1,4180087,2,Black,Plates,43898,"PARABOLIC REFLECTOR Ã˜24X6,4",/cdn/cs/set/assets/blt7b725217cf5b0345/4180087.jpg,130,exact,XZ,24.2,24.2,8.0,shadow_stack,18.0,28.2,28.2,795.26
17101-1,4180548,4,Black,Bricks,44126,BRICK 2 X 6 W. BOW,/cdn/product-assets/element.img.lod5photo.192x192/4180548.jpg,58,exact,XZ,16.2,48.2,11.2,edge_magazine,42.0,20.2,52.2,1054.44
17101-1,4205760,2,Black,Vehicles & Transportation,3743,"TOOTHED BAR M=1, Z=10",/cdn/product-assets/element.img.lod5photo.192x192/4205760.jpg,74,exact,XZ,32.2,8.2,5.6,shadow_stack,13.2,36.2,16.0,579.2
17101-1,4213374,2,Black,Bricks,47455,JOINT LINK W. BUSH,/cdn/product-assets/element.img.lod5photo.192x192/4213374.jpg,212,exact,XZ,22.974,13.798,13.6,shadow_stack,29.2,26.97,17.8,480.09
17101-1,4243819,4,Black,Plates,3031,PLATE 4X4,/cdn/cs/set/assets/blt00da09df50c8de05/4243819.jpg,607,exact,XZ,32.2,32.2,4.8,shadow_stack,21.2,36.2,36.2,1310.44
17101-1,4251393,1,Black,Plates,50304,RIGHT PLATE 3X8 W/ANGLE,/cdn/product-assets/element.img.lod5photo.192x192/4251393.jpg,74,exact,XZ,24.2,64.2,4.8,shadow_stack,6.8,28.2,68.2,1923.24
17101-1,4251394,1,Black,Plates,50305,LEFT PLATE 3X8 W/ANGLE,/cdn/product-assets/element.img.lod5photo.192x192/4251394.jpg,73,exact,XZ,24.2,64.2,4.8,shadow_stack,6.8,28.2,68.2,1923.24
17101-1,4560182,1,Black,Plates,87079,FLAT TILE 2X4,/cdn/product-assets/element.img.lod5photo.192x192/4560182.jpg,740,exact,XZ,32.2,16.2,3.2,shadow_stack,5.2,36.2,20.2,731.24
17101-1,4613153,2,Black,Bricks,93273,PLATE W. BOW 1X4X2/3,/cdn/cs/set/assets/blt1e614eac65fff277/4613153.jpg,355,exact,XZ,8.2,32.2,6.4,shadow_stack,14.8,16.0,36.2,579.2
17101-1,4619323,2,Black,Vehicles & Transportation,92402,"TYRE NORMAL WIDE Ã˜30,4X14",/cdn/product-assets/element.img.lod5photo.192x192/4619323.jpg,195,exact,XY,30.601,30.601,13.6,shadow_stack,29.2,34.6,34.6,1197.2
17101-1,6000650,10,Black,Plates,99207,ANGULAR PLATE 1.5 BOT. 1X2 2/2,/cdn/product-assets/element.img.lod5photo.192x192/6000650.jpg,625,exact,XY,16.2,16.2,11.2,edge_magazine,42.0,20.2,20.2,408.04
17101-1,6097664,2,Black,Vehicles & Transportation,2515,WHEEL Ø56,/cdn/product-assets/element.img.lod5photo.192x192/6097664.jpg,6,prefix,XY,56.198,56.198,32.0,edge_magazine,42.0,60.2,60.2,3623.77
17101-1,6101857,6,Black,Plates,30565,"PLATE 4X4, 1/4 CIRCLE",/cdn/product-assets/element.img.lod5photo.192x192/6101857.jpg,74,exact,XZ,32.21,32.21,4.8,shadow_stack,30.8,36.21,36.21,1311.19
17101-1,6131571,1,Black,Bricks,22889,INV. ROOF 2X6 45 DEG. W/CUT,/cdn/product-assets/element.img.lod5photo.192x192/6131571.jpg,68,exact,XZ,16.2,48.2,11.2,shadow_stack,13.2,20.2,52.2,1054.44
17101-1,6143851,4,Black,Bricks,2743,"WING SECTION, FRONT",/cdn/product-assets/element.img.lod5photo.192x192/6143851.jpg,3,exact,XY,32.2,16.2,8.0,shadow_stack,34.0,36.2,20.2,731.24
17101-1,6151289,2,Black,Minifigure Accessories,6190,TELEPHONE RECEIVER,/cdn/product-assets/element.img.lod5photo.192x192/6151289.jpg,40,exact,XY,22.6,6.649,6.4,shadow_stack,14.8,26.6,16.0,425.6
17101-1,6179182,4,Black,Miscellaneous,25214,"DESIGN SHAPE W/ TUBE, CROSSHOLE",/cdn/product-assets/element.img.lod5photo.192x192/6179182.jpg,57,exact,XZ,16.2,16.2,8.0,shadow_stack,34.0,20.2,20.2,408.04
17101-1,6192309,2,Black,Plates,28809,"PLATE 1x2 W. HORIZONTAL HOLE Ã˜4,85 REV.",/cdn/product-assets/element.img.lod5photo.192x192/6192309.jpg,194,exact,XZ,16.2,8.2,9.2,shadow_stack,20.4,20.2,16.0,323.2
17101-1,6252319,1,Black,Bricks,35320,DOME Ø32,/cdn/product-assets/element.img.lod5photo.192x192/6252319.jpg,4,design_alias,XZ,32.2,32.2,16.0,shadow_stack,18.0,36.2,36.2,1310.47
17101-1,6275401,2,Black,Plates,41822,PLATE 4X4 W/ANGLE,/cdn/product-assets/element.img.lod5photo.192x192/6275401.jpg,38,design_alias,XZ,32.2,32.2,4.8,shadow_stack,11.6,36.2,36.2,1310.44
17101-1,6284070,3,Black,Plates,35381,"FLAT TILE 1X1, ROUND",/cdn/product-assets/element.img.lod5photo.192x192/6284070.jpg,359,design_alias,XZ,8.204,8.204,3.2,shadow_stack,11.6,16.0,16.0,256.0
17101-1,6359224,1,Black,Plates,67324,PLATE 2X2 W. BALL,/cdn/product-assets/element.img.lod5photo.192x192/6359224.jpg,52,design_alias,XZ,16.2,27.402,6.4,shadow_stack,8.4,20.2,31.4,634.32
17101-1,6448318,1,Black,Plates,3768,PLATE 2X2 W. BALL,/cdn/product-assets/element.img.lod5photo.192x192/6448318.jpg,102,design_alias,XZ,16.2,27.402,6.4,shadow_stack,8.4,20.2,31.4,634.32
17101-1,370826,1,Black,Connectors,3708,CROSS AXLE 12M,/cdn/product-assets/element.img.lod5photo.192x192/370826.jpg,478,exact,XZ,96.2,5.0,4.8,shadow_stack,6.8,100.2,16.0,1603.2
17101-1,4121715,27,Black,Connectors,2780,CONNECTOR PEG W. FRICTION,/cdn/cs/set/assets/blt935b4468e2952081/4121715.jpg,2207,exact,XZ,16.2,6.6,6.241,deep_counted_bin,42.0,20.2,16.0,323.2
17101-1,4177431,2,Black,Vehicles & Transportation,32270,DOUBLE CONICAL WHEEL Z12 1M,/cdn/product-assets/element.img.lod5photo.192x192/4177431.jpg,599,exact,YZ,13.8,8.2,13.6,shadow_stack,29.2,17.8,16.0,284.8
17101-1,4198367,6,Black,Connectors,45590,DAMPER 2M,/cdn/product-assets/element.img.lod5photo.192x192/4198367.jpg,267,exact,XZ,15.4,8.2,7.2,edge_magazine,42.0,19.4,16.0,310.4
17101-1,4255563,1,Black,Vehicles & Transportation,32498,DOUBLE CONICAL WHEEL Z36,/cdn/product-assets/element.img.lod5photo.192x192/4255563.jpg,73,exact,XY,37.77,37.801,8.0,shadow_stack,10.0,41.77,41.8,1746.02
17101-1,4495935,3,Black,Technic Beams,32524,TECHNIC 7M BEAM,/cdn/cs/set/assets/bltf07ddceda1958163/4495935.jpg,309,exact,YZ,8.2,55.4,7.2,shadow_stack,23.6,16.0,59.4,950.4
17101-1,4582792,2,Black,Vehicles & Transportation,57519,"Sprocket, ø40,7",/cdn/product-assets/element.img.lod5photo.192x192/4582792.jpg,16,exact,XY,40.998,40.661,14.56,shadow_stack,31.12,45.0,44.66,2009.64
17101-1,4629921,1,Black,Miscellaneous,32005,"TRACK ROD 6M,",/cdn/product-assets/element.img.lod5photo.192x192/4629921.jpg,72,exact,XZ,8.204,48.204,4.8,shadow_stack,6.8,16.0,52.2,835.26
17101-1,4662228,2,Black,Vehicles & Transportation,75903,"SPROCKET, Ã˜25,8",/cdn/product-assets/element.img.lod5photo.192x192/4662228.jpg,44,design_alias,XY,25.8,25.379,8.0,shadow_stack,18.0,29.8,29.38,875.51
17101-1,6089119,4,Black,Connectors,18651,Cross axle 2m w. snap w. fric.,/cdn/product-assets/element.img.lod5photo.192x192/6089119.jpg,698,exact,XZ,24.2,6.6,6.4,shadow_stack,27.6,28.2,16.0,451.2
17101-1,6173119,4,Black,Connectors,29219,"TUBE, W/ DOUBLE 4.85 HOLE",/cdn/product-assets/element.img.lod5photo.192x192/6173119.jpg,268,exact,XZ,16.2,7.4,7.201,shadow_stack,30.8,20.2,16.0,323.2
17101-1,6273708,3,Black,Technic Beams,42796,CROSS BLOCK 3M,/cdn/product-assets/element.img.lod5photo.192x192/6273708.jpg,121,design_alias,YZ,23.402,8.2,8.0,shadow_stack,26.0,27.4,16.0,438.43
17101-1,6278412,1,Black,Technic Beams,49137,BEAM 3M Ã˜4.85 W. FORK,/cdn/product-assets/element.img.lod5photo.192x192/6278412.jpg,78,design_alias,YZ,23.8,24.2,7.2,shadow_stack,9.2,27.8,28.2,783.96
17101-1,6325504,38,Black,Vehicles & Transportation,42479,"TRACK ELEMENT, 5x1,5",/cdn/product-assets/element.img.lod5photo.192x192/6325504.jpg,16,design_alias,XZ,38.6,18.12,8.4,deep_counted_bin,42.0,42.6,22.12,942.31
17101-1,6326620,1,Black,Miscellaneous,39892,UPPER PART FOR TURNTABLE z28,/cdn/product-assets/element.img.lod5photo.192x192/6326620.jpg,39,design_alias,XZ,29.642,29.642,15.6,shadow_stack,17.6,33.64,33.64,1131.76
17101-1,6344752,2,Black,Connectors,66906,BALL WITH FRICTION SNAP,/cdn/product-assets/element.img.lod5photo.192x192/6344752.jpg,247,exact,XY,15.402,6.604,6.4,shadow_stack,14.8,19.4,16.0,310.43
17101-1,6457282,2,Black,Vehicles & Transportation,4296,"TOOTHED BAR M=1, Z=10",/cdn/product-assets/element.img.lod5photo.192x192/6457282.jpg,33,design_alias,XZ,32.2,8.2,5.6,shadow_stack,13.2,36.2,16.0,579.2
17101-1,4523145,4,Brick Yellow,Bricks,32000,"BRICK 1X2 W. 2 HOLES Ã˜ 4,87",/cdn/product-assets/element.img.lod5photo.192x192/4523145.jpg,113,exact,XY,16.2,11.4,8.0,shadow_stack,34.0,20.2,16.0,323.2
17101-1,6313119,1,Brick Yellow,Plates,65458,PLATE 1X2 W. 1 HORIZONTAL SNAP,/cdn/product-assets/element.img.lod5photo.192x192/6313119.jpg,93,design_alias,XZ,16.2,13.812,5.958,shadow_stack,7.96,20.2,17.81,359.8
17101-1,4565452,1,Brick Yellow,Vehicles & Transportation,6589,CONICAL WHEEL Z12,/cdn/product-assets/element.img.lod5photo.192x192/4565452.jpg,402,exact,XY,13.0,13.0,4.0,shadow_stack,6.0,17.0,17.0,289.01
17101-1,4666579,2,Brick Yellow,Connectors,6562,CONNECTOR PEG/CROSS AXLE,/cdn/cs/set/assets/blt31dd0cbe448ff6e3/4666579.jpg,1036,exact,XZ,16.2,6.6,6.4,shadow_stack,14.8,20.2,16.0,323.2
17101-1,4666999,1,Brick Yellow,Connectors,99008,KRYDSAKSEL M/STOP 4M,/cdn/product-assets/element.img.lod5photo.192x192/4666999.jpg,176,exact,XZ,32.2,5.0,4.8,shadow_stack,6.8,36.2,16.0,579.2
17101-1,6031962,1,Brick Yellow,Vehicles & Transportation,32198,BEVEL GEAR Z20,/cdn/product-assets/element.img.lod5photo.192x192/6031962.jpg,106,exact,XY,21.0,21.0,4.0,shadow_stack,6.0,25.0,25.0,625.0
17101-1,6167923,2,Brick Yellow,Technic Beams,18654,BEAM 1X1,/cdn/product-assets/element.img.lod5photo.192x192/6167923.jpg,35,exact,YZ,8.2,7.4,7.2,shadow_stack,16.4,16.0,16.0,256.0
17101-1,306823,1,Bright Blue,Plates,3068,FLAT TILE 2X2,/cdn/cs/set/assets/bltda3c712d19bcebc1/306823.jpg,237,exact,XZ,16.2,16.2,3.2,shadow_stack,5.2,20.2,20.2,408.04
17101-1,4560180,1,Bright Blue,Plates,87079,FLAT TILE 2X4,/cdn/cs/set/assets/blt0bc951bf25a9db69/4560180.jpg,164,exact,XZ,32.2,16.2,3.2,shadow_stack,5.2,36.2,20.2,731.24
17101-1,4143005,19,Bright Blue,Connectors,4274,CONNECTOR PEG W. KNOB,/cdn/cs/set/assets/bltc147c3c54ad1919b/4143005.jpg,949,exact,XZ,9.8,6.6,6.4,deep_counted_bin,42.0,16.0,16.0,256.0
17101-1,4206482,10,Bright Blue,Connectors,43093,CONN.BUSH W.FRIC./CROSSALE,/cdn/cs/set/assets/bltbb48cde4adaa84c6/4206482.jpg,2330,exact,XZ,16.2,6.6,6.4,edge_magazine,42.0,20.2,16.0,323.2
17101-1,4514553,15,Bright Blue,Connectors,6558,CONNECTOR PEG W. FRICTION 3M,/cdn/product-assets/element.img.lod5photo.192x192/4514553.jpg,818,exact,XZ,24.2,6.6,6.241,deep_counted_bin,42.0,28.2,16.0,451.2
17101-1,4158355,7,Bright Orange,Plates,3020,PLATE 2X4,/cdn/cs/set/assets/blt910206eaa7a45c8f/4158355.jpg,317,exact,XZ,32.2,16.2,4.8,shadow_stack,35.6,36.2,20.2,731.24
17101-1,4159007,8,Bright Orange,Plates,3022,PLATE 2X2,/cdn/cs/set/assets/blt27576e0a8c6b81ed/4159007.jpg,332,exact,XZ,16.2,16.2,4.8,shadow_stack,40.4,20.2,20.2,408.04
17101-1,4160593,10,Bright Orange,Plates,2431,FLAT TILE 1X4,/cdn/product-assets/element.img.lod5photo.192x192/4160593.jpg,111,exact,XZ,32.2,8.2,3.2,shadow_stack,34.0,36.2,16.0,579.2
17101-1,4173332,4,Bright Orange,Plates,3666,PLATE 1X6,/cdn/cs/set/assets/blte2ed13dd228bdc10/4173332.jpg,157,exact,XZ,48.2,8.2,4.8,shadow_stack,21.2,52.2,16.0,835.2
17101-1,4188771,11,Bright Orange,Plates,3069,FLAT TILE 1X2,/cdn/cs/set/assets/blt86cfdd3449a66cdf/4188771.jpg,216,exact,XZ,16.2,8.2,3.2,shadow_stack,37.2,20.2,16.0,323.2
17101-1,6057921,2,Bright Orange,Animals & Nature,11100,WING W/SHAFT 4MM,/cdn/product-assets/element.img.lod5photo.192x192/6057921.jpg,9,exact,YZ,27.569,24.978,3.2,shadow_stack,8.4,31.57,28.98,914.81
17101-1,6062601,3,Bright Orange,Bricks,14918,NOSE CONE 2X2X2,/cdn/product-assets/element.img.lod5photo.192x192/6062601.jpg,45,exact,XY,16.2,21.0,16.0,edge_magazine,42.0,20.2,25.0,505.0
17101-1,6120639,4,Bright Orange,Bricks,17485,"BRICK 2X2 ROUND WITH HOLE Ã˜4,85",/cdn/product-assets/element.img.lod5photo.192x192/6120639.jpg,15,exact,XZ,16.204,16.204,11.2,edge_magazine,42.0,20.2,20.2,408.21
17101-1,6147052,12,Bright Orange,Plates,15535,FLAT TILE 2X2 ROUND W. HOLE Ã˜4.85,/cdn/product-assets/element.img.lod5photo.192x192/6147052.jpg,47,exact,XZ,16.204,16.204,3.2,shadow_stack,40.4,20.2,20.2,408.21
17101-1,6193782,6,Bright Orange,Plates,99781,"ANGULAR PLATE 1,5 TOP 1X2 1/2",/cdn/product-assets/element.img.lod5photo.192x192/6193782.jpg,39,exact,XZ,16.2,11.4,9.6,edge_magazine,42.0,20.2,16.0,323.2
17101-1,6240515,1,Bright Orange,Miscellaneous,31510,ELEMENT SEPARATOR,/cdn/product-assets/element.img.lod5photo.192x192/6240515.jpg,1143,design_alias,XZ,16.2,68.2,33.318,shadow_stack,35.32,20.2,72.2,1458.44
17101-1,6284582,22,Bright Orange,Plates,35381,"FLAT TILE 1X1, ROUND",/cdn/product-assets/element.img.lod5photo.192x192/6284582.jpg,69,design_alias,XZ,8.204,8.204,3.2,deep_counted_bin,42.0,16.0,16.0,256.0
17101-1,6102618,2,Bright Orange,Technic Beams,32523,TECHNIC 3M BEAM,/cdn/product-assets/element.img.lod5photo.192x192/6102618.jpg,22,exact,YZ,8.2,23.4,7.2,shadow_stack,16.4,16.0,27.4,438.4
17101-1,6135086,2,Bright Orange,Technic Beams,64289,TECHNIC 9M BEAM,/cdn/product-assets/element.img.lod5photo.192x192/6135086.jpg,15,exact,YZ,8.2,71.4,7.2,shadow_stack,16.4,16.0,75.4,1206.4
17101-1,6185551,39,Bright Orange,Vehicles & Transportation,24375,RUBBER ATTACHMENT FOR TRACK NO.2,/cdn/product-assets/element.img.lod5photo.192x192/6185551.jpg,10,exact,XZ,7.404,7.404,5.6,deep_counted_bin,42.0,16.0,16.0,256.0
17101-1,6261377,2,Bright Orange,Technic Beams,40146,CROSS BLOCK 90Â°,/cdn/product-assets/element.img.lod5photo.192x192/6261377.jpg,14,design_alias,YZ,15.402,8.2,8.0,shadow_stack,18.0,19.4,16.0,310.43
17101-1,6271874,2,Bright Orange,Connectors,42134,"ANGLE ELEMENT, 180 DEGREES [2]",/cdn/product-assets/element.img.lod5photo.192x192/6271874.jpg,19,design_alias,XZ,8.2,24.2,7.2,shadow_stack,16.4,16.0,28.2,451.2
17101-1,6278133,2,Bright Orange,Technic Beams,42165,TECHNIC ANGULAR BEAM 4X4,/cdn/product-assets/element.img.lod5photo.192x192/6278133.jpg,3,design_alias,XZ,26.565,45.767,8.0,shadow_stack,18.0,30.56,49.77,1521.11
17101-1,300121,1,Bright Red,Bricks,3001,BRICK 2X4,/cdn/product-assets/element.img.lod5photo.192x192/300121.jpg,685,exact,XZ,32.2,16.2,11.2,shadow_stack,13.2,36.2,20.2,731.24
17101-1,306821,1,Bright Red,Plates,3068,FLAT TILE 2X2,/cdn/cs/set/assets/bltfd19075b52f9271a/306821.jpg,441,exact,XZ,16.2,16.2,3.2,shadow_stack,5.2,20.2,20.2,408.04
17101-1,370921,2,Bright Red,Plates,3709,"PLATE 2X4, 3XÃ˜4.9",/cdn/product-assets/element.img.lod5photo.192x192/370921.jpg,100,exact,XZ,32.2,16.2,4.8,shadow_stack,11.6,36.2,20.2,731.24
17101-1,4560179,1,Bright Red,Plates,87079,FLAT TILE 2X4,/cdn/cs/set/assets/blt70d3d4009b41edbb/4560179.jpg,259,exact,XZ,32.2,16.2,3.2,shadow_stack,5.2,36.2,20.2,731.24
17101-1,6089698,4,Bright Red,Plates,99780,ANGULAR PLATE 1.5 BOT. 1X2 1/2,/cdn/cs/set/assets/bltb9ccb5ebc29282d7/6089698.jpg,191,exact,XZ,16.2,11.4,8.0,shadow_stack,34.0,20.2,16.0,323.2
17101-1,6135130,6,Bright Red,Bricks,22885,BRICK 1X2X1 2/3 W/4 KNOBS,/cdn/product-assets/element.img.lod5photo.192x192/6135130.jpg,136,exact,XY,16.2,17.8,9.6,edge_magazine,42.0,20.2,21.8,440.36
17101-1,6196217,4,Bright Red,Bricks,31493,BRICK 1X2 WITH CROSS HOLE,/cdn/product-assets/element.img.lod5photo.192x192/6196217.jpg,111,exact,XY,16.2,11.4,8.0,shadow_stack,34.0,20.2,16.0,323.2
17101-1,4142865,6,Bright Red,Connectors,32062,2M CROSS AXLE W. GROOVE,/cdn/product-assets/element.img.lod5photo.192x192/4142865.jpg,2128,exact,XZ,16.2,5.0,4.8,shadow_stack,30.8,20.2,16.0,323.2
17101-1,4513174,2,Bright Red,Connectors,59443,"CROSS AXLE, EXTENSION, 2M",/cdn/product-assets/element.img.lod5photo.192x192/4513174.jpg,236,exact,YZ,7.18,16.2,6.8,shadow_stack,15.6,16.0,20.2,323.2
17101-1,6129995,2,Bright Red,Connectors,3705,CROSS AXLE 4M,/cdn/product-assets/element.img.lod5photo.192x192/6129995.jpg,445,exact,XZ,32.2,5.0,4.8,shadow_stack,11.6,36.2,16.0,579.2
17101-1,6130005,1,Bright Red,Connectors,3737,CROSS AXLE 10M,/cdn/product-assets/element.img.lod5photo.192x192/6130005.jpg,57,exact,XZ,80.2,5.0,4.8,shadow_stack,6.8,84.2,16.0,1347.2
17101-1,6271820,4,Bright Red,Connectors,42798,BUSH FOR CROSS AXLE,/cdn/product-assets/element.img.lod5photo.192x192/6271820.jpg,293,design_alias,YZ,7.4,8.2,7.2,shadow_stack,30.8,16.0,16.0,256.0
17101-1,6331864,2,Bright Red,Technic Beams,61408,2X1X3 STEERING KNUCKLE ARM,/cdn/product-assets/element.img.lod5photo.192x192/6331864.jpg,25,relationship_alias,YZ,16.2,23.0,7.2,shadow_stack,16.4,20.2,27.0,545.4
17101-1,407024,4,Bright Yellow,Bricks,4070,ANGULAR BRICK 1X1,/cdn/cs/set/assets/blte7307ea5d6326058/407024.jpg,198,exact,XY,8.2,11.4,8.0,shadow_stack,34.0,16.0,16.0,256.0
17101-1,4560181,1,Bright Yellow,Plates,87079,FLAT TILE 2X4,/cdn/product-assets/element.img.lod5photo.192x192/4560181.jpg,204,exact,XZ,32.2,16.2,3.2,shadow_stack,5.2,36.2,20.2,731.24
17101-1,6206240,3,Bright Yellow,Bricks,31493,BRICK 1X2 WITH CROSS HOLE,/cdn/product-assets/element.img.lod5photo.192x192/6206240.jpg,120,exact,XY,16.2,11.4,8.0,shadow_stack,26.0,20.2,16.0,323.2
17101-1,4187122,1,Bright Yellow,Technic Beams,43857,TECHNIC 2M BEAM,/cdn/product-assets/element.img.lod5photo.192x192/4187122.jpg,60,exact,YZ,8.2,15.4,7.2,shadow_stack,9.2,16.0,19.4,310.4
17101-1,6072627,1,Bright Yellow,Technic Beams,60484,T-BEAM 3X3 W/HOLE Ã˜4.8,/cdn/product-assets/element.img.lod5photo.192x192/6072627.jpg,35,exact,XZ,23.404,23.402,8.0,shadow_stack,10.0,27.4,27.4,750.92
17101-1,6130007,6,Bright Yellow,Connectors,4519,CROSS AXLE 3M,/cdn/product-assets/element.img.lod5photo.192x192/6130007.jpg,562,exact,XZ,24.2,5.0,4.8,shadow_stack,30.8,28.2,16.0,451.2
17101-1,6130009,2,Bright Yellow,Connectors,44294,CROSS AXLE 7M,/cdn/product-assets/element.img.lod5photo.192x192/6130009.jpg,182,exact,XZ,56.2,5.0,4.8,shadow_stack,11.6,60.2,16.0,963.2
17101-1,6271167,12,Bright Yellow,Connectors,42136,1/2 BUSH,/cdn/product-assets/element.img.lod5photo.192x192/6271167.jpg,409,design_alias,XY,7.404,7.404,4.0,edge_magazine,42.0,16.0,16.0,256.0
17101-1,6375678,3,Bright Yellow,Connectors,42135,CATCH W. CROSS HOLE,/cdn/product-assets/element.img.lod5photo.192x192/6375678.jpg,29,relationship_alias,XZ,8.2,15.8,7.2,shadow_stack,23.6,16.0,19.8,316.8
17101-1,4220632,2,Bright Yellowish Green,Bricks,3003,BRICK 2X2,/cdn/cs/set/assets/blte84058384b41e8e6/4220632.jpg,237,exact,XZ,16.2,16.2,11.2,shadow_stack,24.4,20.2,20.2,408.04
17101-1,6121816,2,Bright Yellowish Green,Plates,4740,SATELLITE DISH Ã˜16,/cdn/product-assets/element.img.lod5photo.192x192/6121816.jpg,12,exact,XZ,16.204,16.204,4.8,shadow_stack,11.6,20.2,20.2,408.2
17101-1,4640891,4,Dark Azur,Plates,3795,PLATE 2X6,/cdn/product-assets/element.img.lod5photo.192x192/4640891.jpg,72,exact,XZ,48.2,16.2,4.8,shadow_stack,21.2,52.2,20.2,1054.44
17101-1,4640901,4,Dark Azur,Bricks,50950,BRICK W/BOW 1/3,/cdn/product-assets/element.img.lod5photo.192x192/4640901.jpg,34,exact,XZ,8.2,24.2,9.6,shadow_stack,40.4,16.0,28.2,451.2
17101-1,4653988,21,Dark Azur,Plates,3023,PLATE 1X2,/cdn/cs/set/assets/blt046b73e7f814525d/4653988.jpg,179,exact,XZ,16.2,8.2,4.8,deep_counted_bin,42.0,20.2,16.0,323.2
17101-1,6004943,6,Dark Azur,Bricks,3004,BRICK 1X2,/cdn/cs/set/assets/blt87900a9e7c657875/6004943.jpg,123,exact,XY,16.2,11.4,8.0,edge_magazine,42.0,20.2,16.0,323.2
17101-1,6029163,3,Dark Azur,Plates,87580,PLATE 2X2 W 1 KNOB,/cdn/product-assets/element.img.lod5photo.192x192/6029163.jpg,61,exact,XZ,16.2,16.2,4.8,shadow_stack,16.4,20.2,20.2,408.04
17101-1,6031839,3,Dark Azur,Bricks,93606,BRICK W. BOW 2X4,/cdn/product-assets/element.img.lod5photo.192x192/6031839.jpg,12,exact,XZ,16.2,32.2,9.6,shadow_stack,30.8,20.2,36.2,731.24
17101-1,6078296,4,Dark Azur,Plates,44375,PARABOLA 6X6,/cdn/product-assets/element.img.lod5photo.192x192/6078296.jpg,1,exact,XZ,48.2,48.2,8.0,shadow_stack,34.0,52.2,52.2,2724.89
17101-1,6078297,10,Dark Azur,Bricks,3660,ROOF TILE 2X2/45 INV.,/cdn/product-assets/element.img.lod5photo.192x192/6078297.jpg,11,exact,XZ,16.2,16.2,11.2,edge_magazine,42.0,20.2,20.2,408.04
17101-1,6137300,16,Dark Azur,Bricks,11477,PLATE W. BOW 1X2X2/3,/cdn/product-assets/element.img.lod5photo.192x192/6137300.jpg,88,exact,XZ,8.2,16.2,6.4,deep_counted_bin,42.0,16.0,20.2,323.2
17101-1,6144149,8,Dark Azur,Plates,3021,PLATE 2X3,/cdn/product-assets/element.img.lod5photo.192x192/6144149.jpg,85,exact,XZ,24.2,16.2,4.8,shadow_stack,40.4,28.2,20.2,569.64
17101-1,6151664,20,Dark Azur,Plates,3024,PLATE 1X1,/cdn/product-assets/element.img.lod5photo.192x192/6151664.jpg,103,exact,XZ,8.2,8.2,4.8,deep_counted_bin,42.0,16.0,16.0,256.0
17101-1,6151670,1,Dark Azur,Bricks,41747,RIGHT SHELL 2X6 W/BOW/ANGLE,/cdn/product-assets/element.img.lod5photo.192x192/6151670.jpg,3,exact,XZ,16.2,48.2,11.2,shadow_stack,13.2,20.2,52.2,1054.44
17101-1,6151672,1,Dark Azur,Bricks,41748,LEFT SHELL 2X6 W/BOW/ANGLE,/cdn/product-assets/element.img.lod5photo.192x192/6151672.jpg,3,exact,XZ,16.2,48.2,11.2,shadow_stack,13.2,20.2,52.2,1054.44
17101-1,6185545,4,Dark Azur,Plates,92593,PLATE 1X4 W. 2 KNOBS,/cdn/product-assets/element.img.lod5photo.192x192/6185545.jpg,4,exact,XZ,32.2,8.2,4.8,shadow_stack,21.2,36.2,16.0,579.2
17101-1,6185546,5,Dark Azur,Bricks,32531,"4X6 BRICK, Ø 4,85",/cdn/product-assets/element.img.lod5photo.192x192/6185546.jpg,13,exact,XZ,32.2,48.2,11.2,edge_magazine,42.0,36.2,52.2,1889.64
17101-1,6185547,1,Dark Azur,Bricks,41750,LEFT SHELL 3X8X2 W/BOW/ANGLE,/cdn/product-assets/element.img.lod5photo.192x192/6185547.jpg,1,exact,XZ,24.2,64.2,20.8,shadow_stack,22.8,28.2,68.2,1923.24
17101-1,6185548,1,Dark Azur,Bricks,41749,RIGHT SHELL 3X8X2 W/BOW/ANGLE,/cdn/product-assets/element.img.lod5photo.192x192/6185548.jpg,1,exact,XZ,24.2,64.2,20.8,shadow_stack,22.8,28.2,68.2,1923.24
17101-1,6194498,1,Dark Azur,Bricks,34298,"BRICK 2X4, W/ BOW, NO. 3",/cdn/product-assets/element.img.lod5photo.192x192/6194498.jpg,1,design_alias,XZ,16.2,32.2,9.6,shadow_stack,11.6,20.2,36.2,731.24
17101-1,6197913,2,Dark Azur,Bricks,2730,TECHNIC BRICK 1X10 Ø4.9,/cdn/product-assets/element.img.lod5photo.192x192/6197913.jpg,6,exact,XY,80.2,11.4,8.0,shadow_stack,18.0,84.2,16.0,1347.2
17101-1,6330158,2,Dark Azur,Bricks,48442,BRICK 2X2 Ø4.85 HORIZ. SNAP,/cdn/product-assets/element.img.lod5photo.192x192/6330158.jpg,3,design_alias,XZ,30.85,16.2,13.6,shadow_stack,29.2,34.85,20.2,703.96
17101-1,6411366,2,Dark Azur,Bricks,32807,"BRICK 1X1X1 1/3, W/ ARCH",/cdn/product-assets/element.img.lod5photo.192x192/6411366.jpg,18,exact,XZ,8.2,16.2,12.8,shadow_stack,27.6,16.0,20.2,323.2
17101-1,6163687,2,Dark Azur,Technic Beams,32316,TECHNIC 5M BEAM,/cdn/product-assets/element.img.lod5photo.192x192/6163687.jpg,8,exact,YZ,8.2,39.4,7.2,shadow_stack,16.4,16.0,43.4,694.4
17101-1,4522678,2,Dark Green,Bricks,6541,TECHNIC BRICK 1X1,/cdn/product-assets/element.img.lod5photo.192x192/4522678.jpg,40,exact,XY,8.2,11.4,8.0,shadow_stack,18.0,16.0,16.0,256.0
17101-1,4566179,1,Dark Green,Plates,87079,FLAT TILE 2X4,/cdn/product-assets/element.img.lod5photo.192x192/4566179.jpg,90,exact,XZ,32.2,16.2,3.2,shadow_stack,5.2,36.2,20.2,731.24
17101-1,6206248,4,Dark Green,Bricks,31493,BRICK 1X2 WITH CROSS HOLE,/cdn/product-assets/element.img.lod5photo.192x192/6206248.jpg,62,exact,XY,16.2,11.4,8.0,shadow_stack,34.0,20.2,16.0,323.2
17101-1,4210997,4,Dark Stone Grey,Plates,3034,PLATE 2X8,/cdn/cs/set/assets/blt97a7c652adde3f2c/4210997.jpg,648,exact,XZ,64.2,16.2,4.8,shadow_stack,21.2,68.2,20.2,1377.64
17101-1,4211001,3,Dark Stone Grey,Plates,3710,PLATE 1X4,/cdn/product-assets/element.img.lod5photo.192x192/4211001.jpg,1103,exact,XZ,32.2,8.2,4.8,shadow_stack,16.4,36.2,16.0,579.2
17101-1,4211060,4,Dark Stone Grey,Bricks,3003,BRICK 2X2,/cdn/product-assets/element.img.lod5photo.192x192/4211060.jpg,458,exact,XZ,16.2,16.2,11.2,edge_magazine,42.0,20.2,20.2,408.04
17101-1,4211063,14,Dark Stone Grey,Plates,3023,PLATE 1X2,/cdn/product-assets/element.img.lod5photo.192x192/4211063.jpg,1280,exact,XZ,16.2,8.2,4.8,deep_counted_bin,42.0,20.2,16.0,323.2
17101-1,4257526,4,Dark Stone Grey,Plates,4477,PLATE 1X10,/cdn/cs/set/assets/bltaec51b168f7eec0f/4257526.jpg,349,exact,XZ,80.2,8.2,4.8,edge_magazine,21.2,84.2,16.0,1347.2
17101-1,6039479,1,Dark Stone Grey,Plates,14417,PLATE 1X2 BALL Ã˜5.9 MIDDLE,/cdn/product-assets/element.img.lod5photo.192x192/6039479.jpg,609,exact,XZ,16.2,15.402,6.4,shadow_stack,8.4,20.2,19.4,391.92
17101-1,6123814,4,Dark Stone Grey,Plates,22890,PLATE 1X2 W/5.9 BALL END,/cdn/cs/set/assets/bltd2e536159e037b27/6123814.jpg,324,exact,XZ,23.402,8.2,6.4,shadow_stack,27.6,27.4,16.0,438.43
17101-1,6146225,1,Dark Stone Grey,Buildings & Furniture,26169,WALL ELEMENT 1X2X1,/cdn/product-assets/element.img.lod5photo.192x192/6146225.jpg,114,design_alias,XY,16.2,9.8,8.0,shadow_stack,10.0,20.2,16.0,323.2
17101-1,6278974,2,Dark Stone Grey,Bricks,48370,BRICK 2X2 Ã˜4.85 FEMALE,/cdn/product-assets/element.img.lod5photo.192x192/6278974.jpg,76,design_alias,XZ,25.8,16.2,11.2,shadow_stack,24.4,29.8,20.2,601.96
17101-1,6324639,4,Dark Stone Grey,Bricks,49132,2X1 ST.Ã˜4.9 HOLE W. HALF BEAM,/cdn/product-assets/element.img.lod5photo.192x192/6324639.jpg,184,design_alias,XZ,16.2,19.8,11.2,edge_magazine,42.0,20.2,23.8,480.76
17101-1,4182751,2,Dark Stone Grey,Miscellaneous,44224,"FLEX JOINT 6M, Ã˜24, MALE",/cdn/product-assets/element.img.lod5photo.192x192/4182751.jpg,70,exact,XZ,24.2,47.802,8.0,shadow_stack,18.0,28.2,51.8,1460.84
17101-1,4499858,4,Dark Stone Grey,Connectors,55013,CROSS AXLE 8M WITH END STOP,/cdn/product-assets/element.img.lod5photo.192x192/4499858.jpg,503,exact,XZ,64.2,6.6,6.4,edge_magazine,27.6,68.2,16.0,1091.2
17101-1,4508553,4,Dark Stone Grey,Connectors,59426,"CROSS AXLE 5,5  WITH STOP 1M.",/cdn/cs/set/assets/blt992504e083dfab2f/4508553.jpg,604,exact,XZ,44.2,6.6,6.4,shadow_stack,27.6,48.2,16.0,771.2
17101-1,6012451,2,Dark Stone Grey,Vehicles & Transportation,10928,"GEAR WHEEL T=8, M=1",/cdn/product-assets/element.img.lod5photo.192x192/6012451.jpg,328,exact,YZ,10.144,8.2,9.944,shadow_stack,21.89,16.0,16.0,256.0
17101-1,6015356,2,Dark Stone Grey,Connectors,11214,CON. BUSH 2M FR. + CROSS AXLE,/cdn/product-assets/element.img.lod5photo.192x192/6015356.jpg,496,exact,XY,24.2,6.6,6.4,shadow_stack,14.8,28.2,16.0,451.2
17101-1,6064131,1,Dark Stone Grey,Miscellaneous,57796,"RELEASE HOUSING 6X2X2, ASS.",/cdn/product-assets/element.img.lod5photo.192x192/6064131.jpg,24,relationship_alias,YZ,31.4,43.4,16.0,shadow_stack,18.0,35.4,47.4,1677.96
17101-1,6083620,4,Dark Stone Grey,Connectors,87083,CROSS AXLE 4M WITH END STOP,/cdn/product-assets/element.img.lod5photo.192x192/6083620.jpg,934,exact,XZ,32.2,6.6,6.4,shadow_stack,27.6,36.2,16.0,579.2
17101-1,6133119,2,Dark Stone Grey,Vehicles & Transportation,24505,GEAR WHEEL Z24,/cdn/product-assets/element.img.lod5photo.192x192/6133119.jpg,177,exact,XY,26.112,26.112,7.7,shadow_stack,17.4,30.11,30.11,906.73
17101-1,6167281,1,Dark Stone Grey,Connectors,27940,"BEAM, 1 MODULE W/ 2 CROSS AXLE, 180 DEG.",/cdn/product-assets/element.img.lod5photo.192x192/6167281.jpg,187,exact,XY,24.2,8.2,7.2,shadow_stack,9.2,28.2,16.0,451.2
17101-1,6099730,1,Flame Yellowish Orange,Bricks,15068,PLATE W. BOW  2X2X2/3,/cdn/product-assets/element.img.lod5photo.192x192/6099730.jpg,104,exact,XZ,16.2,16.2,6.4,shadow_stack,8.4,20.2,20.2,408.04
17101-1,6133930,2,Flame Yellowish Orange,Bricks,64225,BRICK 4X3 W. BOW/ANGLE,/cdn/product-assets/element.img.lod5photo.192x192/6133930.jpg,9,exact,XZ,32.277,24.2,9.6,shadow_stack,21.2,36.28,28.2,1023.03
17101-1,4599538,2,Light Purple,Bricks,54200,"ROOF TILE 1X1X2/3, ABS",/cdn/product-assets/element.img.lod5photo.192x192/4599538.jpg,66,exact,XZ,8.2,8.2,6.24,shadow_stack,14.48,16.0,16.0,256.0
17101-1,6101937,2,Light Purple,Plates,11203,FLAT TILE 2X2 INV.,/cdn/product-assets/element.img.lod5photo.192x192/6101937.jpg,10,exact,XZ,16.2,16.2,4.8,shadow_stack,11.6,20.2,20.2,408.04
17101-1,6136419,2,Medium Azur,Plates,18674,PLATE ROUND W. 1 KNOB,/cdn/product-assets/element.img.lod5photo.192x192/6136419.jpg,137,exact,XZ,16.204,16.204,4.8,shadow_stack,11.6,20.2,20.2,408.21
17101-1,6138487,1,Medium Azur,Plates,2817,TECHNIC DOUB. BEARING PL. 2X2,/cdn/product-assets/element.img.lod5photo.192x192/6138487.jpg,12,exact,XZ,16.2,16.2,9.6,shadow_stack,11.6,20.2,20.2,408.04
17101-1,4211360,2,Medium Stone Grey,Plates,2445,PLATE 2X12,/cdn/product-assets/element.img.lod5photo.192x192/4211360.jpg,293,exact,XZ,96.2,16.2,4.8,shadow_stack,11.6,100.2,20.2,2024.04
17101-1,4211397,4,Medium Stone Grey,Plates,3022,PLATE 2X2,/cdn/product-assets/element.img.lod5photo.192x192/4211397.jpg,1252,exact,XZ,16.2,16.2,4.8,shadow_stack,21.2,20.2,20.2,408.04
17101-1,4211428,6,Medium Stone Grey,Bricks,3622,BRICK 1X3,/cdn/product-assets/element.img.lod5photo.192x192/4211428.jpg,469,exact,XY,24.2,11.4,8.0,edge_magazine,42.0,28.2,16.0,451.2
17101-1,4244627,1,Medium Stone Grey,Plates,48336,PLATE 1X2 W. STICK 3.18,/cdn/cs/set/assets/blt616604b43d3daffb/4244627.jpg,551,exact,XZ,16.2,14.6,4.8,shadow_stack,6.8,20.2,18.6,375.72
17101-1,4515351,6,Medium Stone Grey,Plates,60474,PLATE 4X4 ROUND W. SNAP,/cdn/cs/set/assets/blt6970931d9ec24e98/4515351.jpg,241,exact,XZ,32.2,32.2,4.8,shadow_stack,30.8,36.2,36.2,1310.47
17101-1,6043639,4,Medium Stone Grey,Plates,14418,PLATE 1X2 BALL CUP / FRICTION END,/cdn/cs/set/assets/bltc6aa438f7e6570b0/6043639.jpg,565,exact,XZ,22.2,8.2,6.3,shadow_stack,27.2,26.2,16.0,419.2
17101-1,6168615,2,Medium Stone Grey,Plates,28802,ANGLE PLATE 1X2/1X4,/cdn/product-assets/element.img.lod5photo.192x192/6168615.jpg,206,exact,XY,32.2,9.8,11.2,shadow_stack,24.4,36.2,16.0,579.2
17101-1,6326078,2,Medium Stone Grey,Plates,44861,PLATE 1X2 W. VERTICAL GRIP,/cdn/cs/set/assets/blt91246691fed2abfb/6326078.jpg,352,exact,XZ,16.2,8.2,7.2,shadow_stack,16.4,20.2,16.0,323.2
17101-1,4211536,2,Medium Stone Grey,Connectors,6553,CATCH,/cdn/product-assets/element.img.lod5photo.192x192/4211536.jpg,155,exact,XY,8.2,23.8,7.2,shadow_stack,16.4,16.0,27.8,444.8
17101-1,4211714,2,Medium Stone Grey,Technic Beams,32557,TECHNIC CROSSBLOCK 2X3,/cdn/product-assets/element.img.lod5photo.192x192/4211714.jpg,69,exact,XY,15.404,23.402,8.0,shadow_stack,18.0,19.4,27.4,531.71
17101-1,4211758,2,Medium Stone Grey,Connectors,42610,"HUB Ã˜11,2 X 7,84",/cdn/cs/set/assets/blt234f80357874cb69/4211758.jpg,403,exact,XY,11.404,11.404,8.0,shadow_stack,18.0,16.0,16.0,256.0
17101-1,4211807,5,Medium Stone Grey,Connectors,3673,CONNECTOR PEG,/cdn/cs/set/assets/blt20a25386ffb1e59c/4211807.jpg,1283,exact,XZ,16.2,6.6,6.4,shadow_stack,34.0,20.2,16.0,323.2
17101-1,4211865,6,Medium Stone Grey,Connectors,32054,2M FRIC. SNAP W/CROSS HOLE,/cdn/product-assets/element.img.lod5photo.192x192/4211865.jpg,244,exact,XZ,24.2,7.4,7.2,edge_magazine,42.0,28.2,16.0,451.2
17101-1,4535768,2,Medium Stone Grey,Connectors,60485,CROSS AXLE 9M,/cdn/product-assets/element.img.lod5photo.192x192/4535768.jpg,279,exact,XZ,72.2,5.0,4.8,shadow_stack,11.6,76.2,16.0,1219.2
17101-1,4652235,1,Medium Stone Grey,Miscellaneous,99009,LOWER PART FOR TURNTABLE z28,/cdn/product-assets/element.img.lod5photo.192x192/4652235.jpg,61,exact,XZ,23.4,21.8,13.2,shadow_stack,15.2,27.4,25.8,706.93
17101-1,6332151,2,Medium Stone Grey,Miscellaneous,65765,"FLEX JOINT 6M, Ã˜24, FEMALE",/cdn/product-assets/element.img.lod5photo.192x192/6332151.jpg,42,design_alias,XZ,24.2,47.802,8.0,shadow_stack,18.0,28.2,51.8,1460.84
17101-1,6321769,2,Multicombination,Bricks,44865,BRICK 1X2 W. HORIZONTAL SNAP,/cdn/product-assets/element.img.lod5photo.192x192/6321769.jpg,34,exact,XY,16.2,11.4,16.0,shadow_stack,34.0,20.2,16.0,323.2
17101-1,6356158,2,Multicombination,Bricks,65155,BEARING ELEMENT 2X4 W.D. SNAP,/cdn/product-assets/element.img.lod5photo.192x192/6356158.jpg,19,design_alias,XZ,48.2,16.2,11.2,shadow_stack,24.4,52.2,20.2,1054.44
17101-1,6403936,2,Multicombination,Bricks,42929,BRICK 2X2 W. SNAP AND CROSS,/cdn/product-assets/element.img.lod5photo.192x192/6403936.jpg,20,design_alias,XZ,24.2,16.2,11.2,shadow_stack,24.4,28.2,20.2,569.64
17101-1,4299625,1,Multicombination,Miscellaneous,57028,ARROW 8M W/SOFT UPPER P.,/cdn/product-assets/element.img.lod5photo.192x192/4299625.jpg,61,relationship_alias,YZ,31.4,43.4,16.0,shadow_stack,18.0,35.4,47.4,1677.96
17101-1,6135494,3,Reddish Brown,Connectors,24316,"CROSS AXLE, 3 MODULE, W/ END STOP",/cdn/product-assets/element.img.lod5photo.192x192/6135494.jpg,493,exact,XZ,24.2,6.6,6.4,shadow_stack,21.2,28.2,16.0,451.2
17101-1,6159763,3,Reddish Brown,Connectors,15462,CROSS AXLE 5M WITH END STOP,/cdn/product-assets/element.img.lod5photo.192x192/6159763.jpg,423,exact,XZ,40.2,6.6,6.4,shadow_stack,21.2,44.2,16.0,707.2
17101-1,6344864,2,Sand Yellow,Technic Beams,40147,BEAM 1X2 W/CROSS AND HOLE,/cdn/product-assets/element.img.lod5photo.192x192/6344864.jpg,29,design_alias,YZ,8.2,15.4,7.2,shadow_stack,16.4,16.0,19.4,310.4
17101-1,6004345,2,Silver Metallic,Minifigure Accessories,10187,CLAWS,/cdn/product-assets/element.img.lod5photo.192x192/6004345.jpg,49,exact,XZ,7.801,13.953,7.095,shadow_stack,16.19,16.0,17.95,287.25
17101-1,6244906,1,Transparent Blue,Bricks,35743,BRICK 1X2 W/O PIN,/cdn/product-assets/element.img.lod5photo.192x192/6244906.jpg,23,design_alias,XY,16.2,11.4,8.0,shadow_stack,10.0,20.2,16.0,323.2
17101-1,6249128,1,Transparent Bright Orange,Buildings & Furniture,34820,"CONTAINER, BOTTOM, 4X4X1 2/3, NO. 1",/cdn/product-assets/element.img.lod5photo.192x192/6249128.jpg,2,design_alias,XZ,32.203,32.203,17.6,shadow_stack,19.6,36.2,36.2,1310.65
17101-1,6171733,3,Transparent Light Blue,Plates,28558,SLIDE SHOE ROUND 2X2,/cdn/product-assets/element.img.lod5photo.192x192/6171733.jpg,44,design_alias,XZ,16.205,16.205,4.8,shadow_stack,16.4,20.2,20.2,408.23
17101-1,6244905,1,Transparent Red,Bricks,35743,BRICK 1X2 W/O PIN,/cdn/cs/set/assets/blt3500bf9c29f9044a/6244905.jpg,34,design_alias,XY,16.2,11.4,8.0,shadow_stack,10.0,20.2,16.0,323.2
17101-1,300501,8,White,Bricks,3005,BRICK 1X1,/cdn/product-assets/element.img.lod5photo.192x192/300501.jpg,1125,exact,XY,8.2,11.4,8.0,edge_magazine,42.0,16.0,16.0,256.0
17101-1,300901,4,White,Bricks,3009,BRICK 1X6,/cdn/product-assets/element.img.lod5photo.192x192/300901.jpg,752,exact,XY,48.2,11.4,8.0,shadow_stack,34.0,52.2,16.0,835.2
17101-1,301001,2,White,Bricks,3010,BRICK 1X4,/cdn/product-assets/element.img.lod5photo.192x192/301001.jpg,1065,exact,XY,32.2,11.4,8.0,shadow_stack,18.0,36.2,16.0,579.2
17101-1,302101,3,White,Plates,3021,PLATE 2X3,/cdn/cs/set/assets/bltf23a23d77b40bbcf/302101.jpg,1052,exact,XZ,24.2,16.2,4.8,shadow_stack,16.4,28.2,20.2,569.64
17101-1,346001,4,White,Plates,3460,PLATE 1X8,/cdn/cs/set/assets/blt9783b493f6ff98a1/346001.jpg,621,exact,XZ,64.2,8.2,4.8,edge_magazine,21.2,68.2,16.0,1091.2
17101-1,370001,2,White,Bricks,3700,"TECHNIC BRICK 1X2, Ã˜4.9",/cdn/product-assets/element.img.lod5photo.192x192/370001.jpg,366,exact,XY,16.2,11.4,8.0,shadow_stack,18.0,20.2,16.0,323.2
17101-1,371001,5,White,Plates,3710,PLATE 1X4,/cdn/product-assets/element.img.lod5photo.192x192/371001.jpg,1479,exact,XZ,32.2,8.2,4.8,shadow_stack,26.0,36.2,16.0,579.2
17101-1,396001,2,White,Plates,3960,ROUND PLATE Ã˜32X6.4,/cdn/product-assets/element.img.lod5photo.192x192/396001.jpg,109,exact,XZ,32.2,32.2,8.0,shadow_stack,18.0,36.2,36.2,1310.47
17101-1,403201,8,White,Plates,4032,PLATE 2X2 ROUND,/cdn/product-assets/element.img.lod5photo.192x192/403201.jpg,628,exact,XZ,16.204,16.204,4.8,shadow_stack,40.4,20.2,20.2,408.22
17101-1,416201,2,White,Plates,4162,FLAT TILE 1X8,/cdn/product-assets/element.img.lod5photo.192x192/416201.jpg,420,exact,XZ,64.2,8.2,3.2,shadow_stack,8.4,68.2,16.0,1091.2
17101-1,614301,8,White,Bricks,6143,BRICK Ã˜16 W. CROSS,/cdn/product-assets/element.img.lod5photo.192x192/614301.jpg,431,exact,XZ,16.204,16.204,11.2,edge_magazine,42.0,20.2,20.2,408.21
17101-1,4508661,5,White,Bricks,3703,"TECHNIC BRICK 1X16, Ã˜4,9",/cdn/product-assets/element.img.lod5photo.192x192/4508661.jpg,44,exact,XY,128.2,11.4,8.0,edge_magazine,42.0,132.2,16.0,2115.2
17101-1,4527945,2,White,Plates,3738,PLATE 2X8 W. HOLES,/cdn/product-assets/element.img.lod5photo.192x192/4527945.jpg,49,exact,XZ,64.2,16.2,4.8,shadow_stack,11.6,68.2,20.2,1377.64
17101-1,4544140,2,White,"Cables, Hoses & Strings",85543,"V-BELT Ã˜15, WHITE",/cdn/product-assets/element.img.lod5photo.192x192/4544140.jpg,170,exact,XY,16.87,16.87,1.667,shadow_stack,5.33,20.87,20.87,435.57
17101-1,4547489,11,White,Bricks,85984,"ROOF TILE 1 X 2 X 2/3, ABS",/cdn/cs/set/assets/blt48b2e2d81a120821/4547489.jpg,690,exact,XZ,16.2,8.2,6.24,edge_magazine,42.0,20.2,16.0,323.2
17101-1,4558168,4,White,Plates,63864,FLAT TILE 1X3,/cdn/cs/set/assets/bltb27d58276786afeb/4558168.jpg,477,exact,XZ,24.2,8.2,3.2,shadow_stack,14.8,28.2,16.0,451.2
17101-1,4560178,1,White,Plates,87079,FLAT TILE 2X4,/cdn/cs/set/assets/blt65e96ce9b6cf5eda/4560178.jpg,567,exact,XZ,32.2,16.2,3.2,shadow_stack,5.2,36.2,20.2,731.24
17101-1,4582543,2,White,Bricks,3702,TECHNIC BRICK 1X8,/cdn/product-assets/element.img.lod5photo.192x192/4582543.jpg,42,exact,XY,64.2,11.4,8.0,shadow_stack,18.0,68.2,16.0,1091.2
17101-1,6018101,2,White,Vehicles & Transportation,93604,PLATE W. BOW 3X4X2/3 W. KNOBS,/cdn/product-assets/element.img.lod5photo.192x192/6018101.jpg,35,exact,XZ,32.2,24.2,6.4,shadow_stack,14.8,36.2,28.2,1020.84
17101-1,6031947,1,White,Bricks,93606,BRICK W. BOW 2X4,/cdn/cs/set/assets/blted88dec398872ea9/6031947.jpg,111,exact,XZ,16.2,32.2,9.6,shadow_stack,11.6,20.2,36.2,731.24
17101-1,6034044,4,White,Bricks,11477,PLATE W. BOW 1X2X2/3,/cdn/product-assets/element.img.lod5photo.192x192/6034044.jpg,565,exact,XZ,8.2,16.2,6.4,shadow_stack,27.6,16.0,20.2,323.2
17101-1,6046979,3,White,Plates,99206,PLATE 2X2X2/3 W. 2. HOR. KNOB,/cdn/cs/set/assets/bltc18726b196e16083/6046979.jpg,214,exact,XZ,16.2,17.8,8.0,shadow_stack,26.0,20.2,21.8,440.36
17101-1,6069002,6,White,Bricks,15672,ROOF TILE 1X2 45Â° W 1/3 PLATE,/cdn/cs/set/assets/blt5c39b866fe2ac99b/6069002.jpg,200,exact,XZ,8.2,16.2,9.6,edge_magazine,42.0,16.0,20.2,323.2
17101-1,6089696,1,White,Plates,3176,COUPLING PLATE 2X2,/cdn/cs/set/assets/blt668798b1f9848473/6089696.jpg,121,exact,XZ,16.2,24.2,4.8,shadow_stack,6.8,20.2,28.2,569.64
17101-1,6092256,2,White,Vehicles & Transportation,55982,RIM WIDE 18x14 W. CROSS Ø4.8,/cdn/product-assets/element.img.lod5photo.192x192/6092256.jpg,16,exact,XY,17.004,17.004,14.8,shadow_stack,31.6,21.0,21.0,441.16
17101-1,6117940,4,White,Plates,21712,ANGLE PLATE 1X2 / 2X2,/cdn/cs/set/assets/blt66dbce0800a18edc/6117940.jpg,301,design_alias,XY,16.2,17.8,11.2,edge_magazine,42.0,20.2,21.8,440.36
17101-1,6188466,3,White,Bricks,6233,ROCKET STEP 3X3X2 W. CROSS,/cdn/product-assets/element.img.lod5photo.192x192/6188466.jpg,19,exact,XZ,24.204,24.204,20.8,edge_magazine,42.0,28.2,28.2,795.46
17101-1,6194493,2,White,Bricks,34297,"BRICK 2X4, NO. 1005",/cdn/product-assets/element.img.lod5photo.192x192/6194493.jpg,1,design_alias,XZ,32.2,16.2,11.2,shadow_stack,24.4,36.2,20.2,731.24
17101-1,6194502,2,White,Plates,34300,"FLAT TILE 1X2, NO. 200",/cdn/product-assets/element.img.lod5photo.192x192/6194502.jpg,9,design_alias,XZ,16.2,8.2,3.2,shadow_stack,8.4,20.2,16.0,323.2
17101-1,6240610,1,White,Power Functions,26912,"LPF2 SENSOR 2X4X2, NO. 1",/cdn/product-assets/element.img.lod5photo.192x192/6240610.jpg,2,exact,XZ,16.2,32.2,20.8,critical_nest,24.8,20.2,36.2,731.24
17101-1,6280386,4,White,Plates,50029,"TECHNIC ROTOR, 2 BLADES",/cdn/product-assets/element.img.lod5photo.192x192/6280386.jpg,60,design_alias,XZ,40.204,8.2,4.8,shadow_stack,21.2,44.2,16.0,707.26
17101-1,6283413,1,White,Power Functions,26910,LPF2 HUB MOTOR 6X16X4 NO. 1,/cdn/product-assets/element.img.lod5photo.192x192/6283413.jpg,2,exact,XZ,48.2,128.2,40.0,critical_nest,42.0,52.2,132.2,6900.84
17101-1,6283415,1,White,Power Functions,26913,"LPF2 TACHO MOTOR 4X6X3, NO. 1",/cdn/product-assets/element.img.lod5photo.192x192/6283415.jpg,2,exact,YZ,30.6,48.2,32.0,critical_nest,36.0,34.6,52.2,1806.12
17101-1,6285777,4,White,Bricks,32807,"BRICK 1X1X1 1/3, W/ ARCH",/cdn/product-assets/element.img.lod5photo.192x192/6285777.jpg,205,exact,XZ,8.2,16.2,12.8,edge_magazine,42.0,16.0,20.2,323.2
17101-1,6361170,2,White,Plates,42923,"PLATE 2X1 W/HOLDER,VERTICAL",/cdn/cs/set/assets/blte40ebe4e7a149af1/6361170.jpg,148,design_alias,XZ,21.812,8.2,5.958,shadow_stack,13.92,25.81,16.0,412.99
17101-1,4585040,4,White,Technic Beams,32526,TECHNIC ANG. BEAM 3X5 90 DEG.,/cdn/product-assets/element.img.lod5photo.192x192/4585040.jpg,56,exact,XZ,23.402,39.402,8.0,shadow_stack,34.0,27.4,43.4,1189.3
17101-1,6276981,2,White,Technic Beams,42142,DOUBLE CROSS BLOCK,/cdn/product-assets/element.img.lod5photo.192x192/6276981.jpg,44,design_alias,XY,8.2,23.4,8.0,shadow_stack,18.0,16.0,27.4,438.4
